name,description,image1,image2,category1,category2,location1,location2,location3,externalUrl1,externalUrl2,externalUrl3,externalUrl4,externalUrl5,tag1,tag2,tag3,tag4,tag5,tag6,tag7,tag8,tag9,tag10,tag11,tag12,tag13,tag14,tag15,tag16,tag17,tag18,tag19,tag20,tag21,tag22,tag23,tag24,tag25,price,discount,isRecommended
오사카 유니버설 스튜디오 재팬 입장권,USJ 공식 입장권으로 닌텐도 월드·해리포터 존 등 인기 어트랙션 이용.,,,티켓/입장권,테마파크,일본,오사카,,https://myrealt.rip/Njia40,https://affiliate.klook.com/redirect?aid=65706&aff_adid=1141019&k_site=https%3A%2F%2Fwww.klook.com%2Fko%2Factivity%2F46604-universal-studios-japan-e-ticket-osaka-qr-code-direct-entry%2F,https://www.kkday.com/ko/product/2247-universal-studios-japan-ticket-osaka?cid=19400,https://gyg.me/4eP5MCfw,https://kr.trip.com/travel-guide/attraction/osaka/universal-studios-japan-81012?Allianceid=5017790&SID=92571095&trip_sub1=&trip_sub3=D6076618,USJ,Universal Studios Japan,오사카 유니버설,닌텐도 월드,해리포터,오사카,입장권,할인,예매,티켓,즉시확정,QR입장,무료취소,모바일바우처,전자티켓,운영시간,가격,후기,추천,줄없이,스킵더라인,대기줄단축,현장교환,가족여행,커플여행,,,TRUE
오사카 유니버설 스튜디오 재팬 입장권 + 닌텐도 확약권,USJ 공식 입장권으로 닌텐도 월드·해리포터 존 등 인기 어트랙션 이용.,,,티켓/입장권,테마파크,일본,오사카,,https://myrealt.rip/Njib27,https://affiliate.klook.com/redirect?aid=65706&aff_adid=1141019&k_site=https%3A%2F%2Fwww.klook.com%2Fko%2Factivity%2F46604-universal-studios-japan-e-ticket-osaka-qr-code-direct-entry%2F,,https://gyg.me/zcnej1Eo,,USJ,Universal Studios Japan,오사카 유니버설,닌텐도 월드,해리포터,오사카,입장권,할인,예매,티켓,즉시확정,QR입장,무료취소,모바일바우처,전자티켓,운영시간,가격,후기,추천,줄없이,스킵더라인,대기줄단축,현장교환,가족여행,커플여행,,,TRUE
오사카 유니버셜 스튜디오 재팬 익스프레스 패스 4/7,대기시간을 단축하는 Express Pass로 인기 어트랙션 빠른 이용.,,,교통/패스,지하철/시티패스,일본,오사카,,,https://affiliate.klook.com/redirect?aid=65706&aff_adid=1141023&k_site=https%3A%2F%2Fwww.klook.com%2Fko%2Factivity%2F3407-universal-studios-japan-express-pass-osaka%2F,https://www.kkday.com/ko/product/18618-universal-studios-japan-express-pass-osaka?cid=19400,https://gyg.me/5RuLB92e,https://kr.trip.com/travel-guide/attraction/osaka/universal-studios-japan-81012?Allianceid=5017790&SID=92571095&trip_sub1=&trip_sub3=D6076632,USJ 익스프레스,Express Pass,빠른입장,대기줄단축,오사카,입장권,할인,예매,티켓,즉시확정,QR입장,무료취소,모바일바우처,전자티켓,운영시간,가격,후기,추천,줄없이,스킵더라인,현장교환,가족여행,커플여행,자유여행,핫플,,,TRUE
오사카 유니버셜 스튜디오 재팬 익스프레스 패스 4,대기시간을 단축하는 Express Pass로 인기 어트랙션 빠른 이용.,,,교통/패스,지하철/시티패스,일본,오사카,,https://myrealt.rip/Njil8d,https://affiliate.klook.com/redirect?aid=65706&aff_adid=1141023&k_site=https%3A%2F%2Fwww.klook.com%2Fko%2Factivity%2F3407-universal-studios-japan-express-pass-osaka%2F,https://www.kkday.com/ko/product/18618-universal-studios-japan-express-pass-osaka?cid=19400,https://gyg.me/5RuLB92e,https://kr.trip.com/travel-guide/attraction/osaka/universal-studios-japan-81012?Allianceid=5017790&SID=92571095&trip_sub1=&trip_sub3=D6076632,USJ 익스프레스,Express Pass,빠른입장,대기줄단축,오사카,입장권,할인,예매,티켓,즉시확정,QR입장,무료취소,모바일바우처,전자티켓,운영시간,가격,후기,추천,줄없이,스킵더라인,현장교환,가족여행,커플여행,자유여행,핫플,,,TRUE
오사카 유니버셜 스튜디오 재팬 익스프레스 패스 7,대기시간을 단축하는 Express Pass로 인기 어트랙션 빠른 이용.,,,교통/패스,지하철/시티패스,일본,오사카,,https://myrealt.rip/Njina1,https://affiliate.klook.com/redirect?aid=65706&aff_adid=1141023&k_site=https%3A%2F%2Fwww.klook.com%2Fko%2Factivity%2F3407-universal-studios-japan-express-pass-osaka%2F,https://www.kkday.com/ko/product/18618-universal-studios-japan-express-pass-osaka?cid=19400,https://gyg.me/5RuLB92e,https://kr.trip.com/travel-guide/attraction/osaka/universal-studios-japan-81012?Allianceid=5017790&SID=92571095&trip_sub1=&trip_sub3=D6076632,USJ 익스프레스,Express Pass,빠른입장,대기줄단축,오사카,입장권,할인,예매,티켓,즉시확정,QR입장,무료취소,모바일바우처,전자티켓,운영시간,가격,후기,추천,줄없이,스킵더라인,현장교환,가족여행,커플여행,자유여행,핫플,,,TRUE
오사카 주유패스,지하철·버스 무제한과 주요 관광지 무료입장 혜택의 시티패스.,,,교통/패스,지하철/시티패스,일본,오사카,,https://myrealt.rip/Njio0c,https://affiliate.klook.com/redirect?aid=65706&aff_adid=1141030&k_site=https%3A%2F%2Fwww.klook.com%2Fko%2Factivity%2F82312-amazing-pass-osaka%2F,https://www.kkday.com/ko/product/12156-osaka-amazing-pass-e-ticket-japan?cid=19400,,https://kr.trip.com/things-to-do/detail/48361291?Allianceid=5017790&SID=92571095&trip_sub1=&trip_sub3=D6076632,Osaka Amazing Pass,오사카패스,무료입장,무제한,오사카,입장권,할인,예매,티켓,즉시확정,QR입장,무료취소,모바일바우처,전자티켓,운영시간,가격,후기,추천,줄없이,스킵더라인,대기줄단축,현장교환,가족여행,커플여행,자유여행,,,TRUE
오사카 난카이 라피트 익스프레스 티켓 (간사이 공항 - 난바역),KIX–난바 구간 특급열차 라피트 지정석 e티켓.,,,교통/패스,공항열차/특급,일본,오사카,,https://myrealt.rip/Njiq72,https://affiliate.klook.com/redirect?aid=65706&aff_adid=1141033&k_site=https%3A%2F%2Fwww.klook.com%2Fko%2Factivity%2F599-kansai-airport-namba-train-ticket-osaka%2F,https://www.kkday.com/ko/product/19691-nankai-rapit-airport-express-kix-to-osaka?cid=19400,,https://kr.trip.com/things-to-do/detail/57078589?Allianceid=5017790&SID=92571095&trip_sub1=&trip_sub3=D6076632,라피트,Rapi:t,난카이,공항열차,오사카,입장권,할인,예매,티켓,즉시확정,QR입장,무료취소,모바일바우처,전자티켓,운영시간,가격,후기,추천,줄없이,스킵더라인,대기줄단축,현장교환,가족여행,커플여행,자유여행,,,TRUE
오사카 지하철 패스,오사카 메트로/시티버스 무제한 탑승권(1~2일).,,,교통/패스,지하철/시티패스,일본,오사카,,https://myrealt.rip/NjjO08,https://affiliate.klook.com/redirect?aid=65706&aff_adid=1141034&k_site=https%3A%2F%2Fwww.klook.com%2Fko%2Factivity%2F11515-osaka-metro-1-2-day-pass-osaka%2F,https://www.kkday.com/ko/product/115045-osaka-metro-and-osaka-city-bus-day-pass-unlimited-rides-japan?cid=19400,,https://kr.trip.com/things-to-do/detail/50558277?Allianceid=5017790&SID=92571095&trip_sub1=&trip_sub3=D6076632,Osaka Metro Pass,오사카 메트로,무제한,교통패스,입장권,할인,예매,티켓,즉시확정,QR입장,무료취소,모바일바우처,전자티켓,운영시간,가격,후기,추천,줄없이,스킵더라인,대기줄단축,현장교환,가족여행,커플여행,자유여행,핫플,,,TRUE
우메다 스카이 빌딩 공중정원 전망대 입장권,,,,티켓/입장권,전망대,일본,우메다,,https://myrealt.rip/NjjP09,,https://www.kkday.com/ko/product/22352-night-views-at-umeda-sky-building-kuchu-teien-observatory-osaka?cid=19400,https://gyg.me/amQmcBpw,,,,,,,,,,,,,,,,,,,,,,,,,,,,,TRUE
오사카 아베노 하루카스 300 전망대 입장권,300m 스카이덱에서 오사카 시내 파노라마 감상.,,,티켓/입장권,전망대,일본,오사카,,https://myrealt.rip/NjjQc3,https://affiliate.klook.com/redirect?aid=65706&aff_adid=1141036&k_site=https%3A%2F%2Fwww.klook.com%2Fko%2Factivity%2F2424-harukas-300-observatory-ticket-osaka%2F,https://www.kkday.com/ko/product/19513-osaka-abeno-harukas-300-observatory-tickets-japan?cid=19400,https://gyg.me/c1Bmjqwb,,Abeno Harukas,하루카스300,오사카 전망대,입장권,할인,예매,티켓,즉시확정,QR입장,무료취소,모바일바우처,전자티켓,운영시간,가격,후기,추천,줄없이,스킵더라인,대기줄단축,현장교환,가족여행,커플여행,자유여행,핫플,베스트셀러,,,TRUE
오사카 가이유칸 수족관 입장권,고래상어가 있는 대수조로 유명한 오사카 대표 수족관.,,,티켓/입장권,수족관/동물원,일본,오사카,,,https://affiliate.klook.com/redirect?aid=65706&aff_adid=1141038&k_site=https%3A%2F%2Fwww.klook.com%2Fko%2Factivity%2F598-osaka-aquarium-kaiyukan-japan%2F,https://www.kkday.com/ko/product/4849-osaka-aquarium-kaiyukan-ticket?cid=19400,,https://kr.trip.com/travel-guide/attraction/osaka/osaka-aquarium-kaiyukan-85082?Allianceid=5017790&SID=92571095&trip_sub1=&trip_sub3=D6076632,Kaiyukan,가이유칸,오사카 수족관,입장권,할인,예매,티켓,즉시확정,QR입장,무료취소,모바일바우처,전자티켓,운영시간,가격,후기,추천,줄없이,스킵더라인,대기줄단축,현장교환,가족여행,커플여행,자유여행,핫플,베스트셀러,,,TRUE
오사카 소라니와온천,오사카 베이타워 대형 온천 테마파크 입장.,,,티켓/입장권,온천/스파,일본,오사카,,https://myrealt.rip/NjjRa0,https://affiliate.klook.com/redirect?aid=65706&aff_adid=1141039&k_site=https%3A%2F%2Fwww.klook.com%2Fko%2Factivity%2F21381-solaniwa-onsen-admission-ticket-osaka%2F,https://www.kkday.com/ko/product/32103-osaka-bay-tower-solaniwa-onsen-hot-spring-ticket-japan?cid=19400,,https://kr.trip.com/travel-guide/attraction/osaka/solaniwa-onsen-osaka-bay-tower-61891054?Allianceid=5017790&SID=92571095&trip_sub1=&trip_sub3=D6076632,Solaniwa Onsen,소라니와,오사카 온천,입장권,할인,예매,티켓,즉시확정,QR입장,무료취소,모바일바우처,전자티켓,운영시간,가격,후기,추천,줄없이,스킵더라인,대기줄단축,현장교환,가족여행,커플여행,자유여행,핫플,베스트셀러,,,TRUE
아리마 온천 다이코노유 당일치기 입욕 티켓,,,,티켓/입장권,온천/스파,일본,,,https://myrealt.rip/NjjS32,,https://www.kkday.com/ko/product/182782?cid=19400,,https://kr.trip.com/travel-guide/attraction/kobe/taiko-no-yu-18314981?Allianceid=5017790&SID=92571095&trip_sub1=&trip_sub3=D6076632,,,,,,,,,,,,,,,,,,,,,,,,,,,,TRUE
오사카 츠텐카쿠 타워 전망대 입장권,,,,티켓/입장권,전망대,일본,오사카,,,,,https://gyg.me/saKLeEhb,,전망대,,,,,,,,,,,,,,,,,,,,,,,,,,,TRUE
오사카 한큐패스,오사카–교토–고베 한큐 전 노선 1/2일권.,,,교통/패스,지하철/시티패스,일본,오사카,,https://myrealt.rip/Njln9e,https://affiliate.klook.com/redirect?aid=65706&aff_adid=1141040&k_site=https%3A%2F%2Fwww.klook.com%2Fko%2Factivity%2F1512-hankyu-1-day-tourist-pass-osaka%2F,https://www.kkday.com/ko/product/23756-hankyu-tourist-1-or-2-day-pass?cid=19400,,https://kr.trip.com/things-to-do/detail/89296462?Allianceid=5017790&SID=92571095&trip_sub1=&trip_sub3=D6076632,Hankyu Pass,한큐패스,교토 고베,입장권,할인,예매,티켓,즉시확정,QR입장,무료취소,모바일바우처,전자티켓,운영시간,가격,후기,추천,줄없이,스킵더라인,대기줄단축,현장교환,가족여행,커플여행,자유여행,핫플,베스트셀러,,,TRUE
JR 간사이 미니패스 3일권,,,,교통/패스,지하철/시티패스,일본,,,https://myrealt.rip/Njloc1,,https://www.kkday.com/ko/product/136346-jr-kansai-mini-pass?cid=19400,,https://kr.trip.com/things-to-do/detail/46695886?Allianceid=5017790&SID=92571095&trip_sub1=&trip_sub3=D6076632,,,,,,,,,,,,,,,,,,,,,,,,,,,,TRUE
JR서일본 간사이 와이드 패스 5일권,,,,교통/패스,지하철/시티패스,일본,,,https://myrealt.rip/Njlq29,,https://www.kkday.com/ko/product/20317-japan-kansai-wide-area-pass?cid=19400,,https://kr.trip.com/things-to-do/detail/49937446?Allianceid=5017790&SID=92571095&trip_sub1=&trip_sub3=D6076632,,,,,,,,,,,,,,,,,,,,,,,,,,,,TRUE
게이한패스 1일권 (교토-오사카),,,,교통/패스,지하철/시티패스,일본,오사카,,https://myrealt.rip/Njltb7,,https://www.kkday.com/ko/product/18573-kyoto-osaka-sightseeing-pass-pickup-at-keihan-stations-japan?cid=19400,,https://kr.trip.com/things-to-do/detail/89680492?Allianceid=5017790&SID=92571095&trip_sub1=&trip_sub3=D6076632,,,,,,,,,,,,,,,,,,,,,,,,,,,,TRUE
하루카 특급열차 간사이 공항 <-> 교토/오사카/나라/고베/텐노지 편도(공항출발),,,,교통/패스,공항열차/특급,일본,오사카,,,,https://www.kkday.com/ko/product/18940-kansai-airport-haruka-ticket-japan?cid=19400,,https://kr.trip.com/things-to-do/detail/87364606?Allianceid=5017790&SID=92571095&trip_sub1=&trip_sub3=D6076632,,,,,,,,,,,,,,,,,,,,,,,,,,,,TRUE
하루카 특급열차 간사이 공항 → 교토/오사카/나라/고베/텐노지 편도(공항출발),,,,교통/패스,공항열차/특급,일본,오사카,,https://myrealt.rip/Njlu69,,https://www.kkday.com/ko/product/18940-kansai-airport-haruka-ticket-japan?cid=19400,,https://kr.trip.com/things-to-do/detail/87364606?Allianceid=5017790&SID=92571095&trip_sub1=&trip_sub3=D6076632,,,,,,,,,,,,,,,,,,,,,,,,,,,,TRUE
하루카 특급열차 간사이 공항 ← 교토/오사카/나라/고베/텐노지 편도(공항도착),,,,교통/패스,공항열차/특급,일본,오사카,,https://myrealt.rip/Njlwd7,,https://www.kkday.com/ko/product/18940-kansai-airport-haruka-ticket-japan?cid=19400,,https://kr.trip.com/things-to-do/detail/87364606?Allianceid=5017790&SID=92571095&trip_sub1=&trip_sub3=D6076632,,,,,,,,,,,,,,,,,,,,,,,,,,,,TRUE
오사카 이코카 카드,간사이 지역 교통·편의점 결제 가능한 IC카드.,,,교통/패스,지하철/시티패스,일본,오사카,,,,,,,ICOCA,이코카 카드,간사이 교통카드,입장권,할인,예매,티켓,즉시확정,QR입장,무료취소,모바일바우처,전자티켓,운영시간,가격,후기,추천,줄없이,스킵더라인,대기줄단축,현장교환,가족여행,커플여행,자유여행,핫플,베스트셀러,,,TRUE
도쿄 스이카 카드,도쿄 교통 및 편의점 결제 가능한 충전식 IC카드.,,,교통/패스,지하철/시티패스,일본,도쿄,,,https://affiliate.klook.com/redirect?aid=65706&aff_adid=1141041&k_site=https%3A%2F%2Fwww.klook.com%2Fko%2Factivity%2F16917-suica-ic-card-tokyo,,,,Suica,스이카 카드,도쿄 교통카드,입장권,할인,예매,티켓,즉시확정,QR입장,무료취소,모바일바우처,전자티켓,운영시간,가격,후기,추천,줄없이,스킵더라인,대기줄단축,현장교환,가족여행,커플여행,자유여행,핫플,베스트셀러,,,TRUE
도쿄 스카이트리 전망대,도쿄 시내와 맑은 날 후지산까지 조망 가능한 전망대.,,,티켓/입장권,전망대,일본,도쿄,,https://myrealt.rip/Njlze4,https://affiliate.klook.com/redirect?aid=65706&aff_adid=1141042&k_site=https%3A%2F%2Fwww.klook.com%2Fko%2Factivity%2F41352-tokyo-skytree%2F,https://www.kkday.com/ko/product/10759-tokyo-skytree-observatory-advance-ticket-japan?cid=19400,,https://kr.trip.com/travel-guide/attraction/tokyo/tokyo-skytree-91422?Allianceid=5017790&SID=92571095&trip_sub1=&trip_sub3=D6076632,Tokyo Skytree,도쿄 스카이트리,전망대,입장권,할인,예매,티켓,즉시확정,QR입장,무료취소,모바일바우처,전자티켓,운영시간,가격,후기,추천,줄없이,스킵더라인,대기줄단축,현장교환,가족여행,커플여행,자유여행,핫플,베스트셀러,,,TRUE
도쿄 타워 입장권,일본의 상징 도쿄 타워 전망대 입장.,,,티켓/입장권,전망대,일본,도쿄,,https://myrealt.rip/NjmV10,https://affiliate.klook.com/redirect?aid=65706&aff_adid=1141043&k_site=https%3A%2F%2Fwww.klook.com%2Fko%2Factivity%2F4911-tokyo-tower-main-observatory-ticket-tokyo%2F,https://www.kkday.com/ko/product/12271-japan-tokyo-tower-observatory-e-ticket?cid=19400,,https://kr.trip.com/travel-guide/attraction/tokyo/tokyo-tower-78880?Allianceid=5017790&SID=92571095&trip_sub1=&trip_sub3=D6076632,Tokyo Tower,도쿄타워,도쿄 전망대,입장권,할인,예매,티켓,즉시확정,QR입장,무료취소,모바일바우처,전자티켓,운영시간,가격,후기,추천,줄없이,스킵더라인,대기줄단축,현장교환,가족여행,커플여행,자유여행,핫플,베스트셀러,,,TRUE
도쿄 롯폰기 힐즈 전망대 입장권,,,,티켓/입장권,전망대,일본,도쿄,,https://myrealt.rip/NjmX74,,https://www.kkday.com/ko/product/18946-tokyo-city-view-ticket-roppongi-hills-observatory?cid=19400,,,,,,,,,,,,,,,,,,,,,,,,,,,,,,TRUE
도쿄 해리포터 스튜디오 입장권,,,,티켓/입장권,뮤지엄/전시,일본,도쿄,,https://myrealt.rip/Njmdd5,,https://www.kkday.com/ko/product/144383-warner-bros-studio-tour-tokyo-the-making-of-harry-potter-ticket?cid=19400,,https://kr.trip.com/travel-guide/attraction/tokyo/warner-bros-studio-tour-tokyo-the-making-of-harry-potter-136452473?Allianceid=5017790&SID=92571095&trip_sub1=&trip_sub3=D6076632,,,,,,,,,,,,,,,,,,,,,,,,,,,,TRUE
도쿄 디즈니랜드 & 디즈니씨 입장권,,,,티켓/입장권,테마파크,일본,도쿄,,https://myrealt.rip/NjmZ48,https://affiliate.klook.com/redirect?aid=65706&aff_adid=1148292&k_site=https%3A%2F%2Fwww.klook.com%2Fko%2Factivity%2F695,https://www.kkday.com/ko/product/19252-tokyo-disney-resort-disneyland-disneysea?cid=19400,,,도쿄,디즈니랜드,디즈니씨,도디,도씨,,,,,,,,,,,,,,,,,,,,,,,TRUE
도쿄 디즈니랜드 입장권,,,,티켓/입장권,테마파크,일본,도쿄,,https://myrealt.rip/NjmZ48,https://affiliate.klook.com/redirect?aid=65706&aff_adid=1148292&k_site=https%3A%2F%2Fwww.klook.com%2Fko%2Factivity%2F695,https://www.kkday.com/ko/product/19252-tokyo-disney-resort-disneyland-disneysea?cid=19400,,https://kr.trip.com/travel-guide/attraction/urayasu/tokyo-disneyland-10758189?Allianceid=5017790&SID=92571095&trip_sub1=&trip_sub3=D6076632,도쿄,디즈니랜드,디즈니씨,도디,도씨,,,,,,,,,,,,,,,,,,,,,,,TRUE
도쿄 디즈니씨 입장권,,,,티켓/입장권,테마파크,일본,도쿄,,https://myrealt.rip/NjmZ48,https://affiliate.klook.com/redirect?aid=65706&aff_adid=1148292&k_site=https%3A%2F%2Fwww.klook.com%2Fko%2Factivity%2F695,https://www.kkday.com/ko/product/19252-tokyo-disney-resort-disneyland-disneysea?cid=19400,,https://kr.trip.com/travel-guide/attraction/urayasu/tokyo-disneysea-10521877?Allianceid=5017790&SID=92571095&trip_sub1=&trip_sub3=D6076632,도쿄,디즈니랜드,디즈니씨,도디,도씨,,,,,,,,,,,,,,,,,,,,,,,TRUE
도쿄 지하철 메트로 패스 (24/48/72시간),,,,교통/패스,지하철/시티패스,일본,도쿄,,https://myrealt.rip/Njmja6,https://affiliate.klook.com/redirect?aid=65706&aff_adid=1148293&k_site=https%3A%2F%2Fwww.klook.com%2Fko%2Factivity%2F1552,https://www.kkday.com/ko/product/5989?cid=19400,,,도쿄,,,,,,,,,,,,,,,,,,,,,,,,,,,TRUE
도쿄 나리타 공항 스카이라이너 고속 열차 티켓,,,,교통/패스,공항열차/특급,일본,도쿄,,https://myrealt.rip/Njmkca,https://affiliate.klook.com/redirect?aid=65706&aff_adid=1148295&k_site=https%3A%2F%2Fwww.klook.com%2Fko%2Factivity%2F1410,https://www.kkday.com/ko/product/7913?cid=19400,,https://kr.trip.com/things-to-do/detail/47313759?Allianceid=5017790&SID=92571095&trip_sub1=&trip_sub3=D6076632,도쿄,,,,,,,,,,,,,,,,,,,,,,,,,,,TRUE
[콤보상품] 스카이라이너 편도 + 도쿄 메트로패스,,,,교통/패스,공항열차/특급,일본,도쿄,,https://myrealt.rip/Njmmbb,,,,https://kr.trip.com/things-to-do/detail/64899790?Allianceid=5017790&SID=92571095&trip_sub1=&trip_sub3=D6076632,도쿄,,,,,,,,,,,,,,,,,,,,,,,,,,,TRUE
[시간지정/교환불필요] 도쿄 공항 리무진 버스 (시내 > 나리타 공항),,,,버스/이동,공항 리무진,일본,도쿄,,https://myrealt.rip/NjnUfa,,,,https://kr.trip.com/things-to-do/detail/61779269?Allianceid=5017790&SID=92571095&trip_sub1=&trip_sub3=D6076632,도쿄,,,,,,,,,,,,,,,,,,,,,,,,,,,TRUE
[시간지정/교환불필요] 도쿄 공항 리무진 버스 (나리타 공항 > 시내),,,,버스/이동,공항 리무진,일본,도쿄,,https://myrealt.rip/NjnVae,,,,https://kr.trip.com/things-to-do/detail/61779269?Allianceid=5017790&SID=92571095&trip_sub1=&trip_sub3=D6076632,도쿄,,,,,,,,,,,,,,,,,,,,,,,,,,,TRUE
파리 디즈니랜드 입장권,디즈니랜드® 파크·월트 디즈니 스튜디오 파크 입장.,,,티켓/입장권,테마파크,프랑스,파리,,https://myrealt.rip/NjnWc2,https://affiliate.klook.com/redirect?aid=65706&aff_adid=1141044&k_site=https%3A%2F%2Fwww.klook.com%2Fko%2Factivity%2F3969-disneyland-resort-paris%2F,https://www.kkday.com/ko/product/20829?cid=19400,,,Disneyland Paris,파리 디즈니,프랑스 테마파크,입장권,할인,예매,티켓,즉시확정,QR입장,무료취소,모바일바우처,전자티켓,운영시간,가격,후기,추천,줄없이,스킵더라인,대기줄단축,현장교환,가족여행,커플여행,자유여행,핫플,베스트셀러,,,TRUE
홍콩 디즈니랜드 입장권,란타우섬 위치 디즈니 리조트 입장권.,,,티켓/입장권,테마파크,홍콩,홍콩,,https://myrealt.rip/NjnX39,https://affiliate.klook.com/redirect?aid=65706&aff_adid=1141045&k_site=https%3A%2F%2Fwww.klook.com%2Fko%2Factivity%2F39-hong-kong-disneyland-resort-hong-kong%2F,https://www.kkday.com/ko/product/2301?cid=19400,,,Hong Kong Disneyland,홍콩 디즈니,란타우섬,입장권,할인,예매,티켓,즉시확정,QR입장,무료취소,모바일바우처,전자티켓,운영시간,가격,후기,추천,줄없이,스킵더라인,대기줄단축,현장교환,가족여행,커플여행,자유여행,핫플,베스트셀러,,,TRUE
상하이 디즈니랜드 입장권,주토피아 랜드 등 대형 어트랙션.,,,티켓/입장권,테마파크,중국,상하이,,https://myrealt.rip/NjnZfb,https://affiliate.klook.com/redirect?aid=65706&aff_adid=1141046&k_site=https%3A%2F%2Fwww.klook.com%2Fko%2Factivity%2F2128-disney-resort-shang-hai%2F,https://www.kkday.com/ko/product/7076?cid=19400,,,Shanghai Disneyland,상하이 디즈니,푸둥,입장권,할인,예매,티켓,즉시확정,QR입장,무료취소,모바일바우처,전자티켓,운영시간,가격,후기,추천,줄없이,스킵더라인,대기줄단축,현장교환,가족여행,커플여행,자유여행,핫플,베스트셀러,,,TRUE
유니버셜 스튜디오 베이징 입장권,트랜스포머·쿵푸팬더 등 7개 테마 랜드.,,,티켓/입장권,,중국,베이징,,https://myrealt.rip/Njnc0d,https://affiliate.klook.com/redirect?aid=65706&aff_adid=1141047&k_site=https%3A%2F%2Fwww.klook.com%2Fko%2Factivity%2F56183-universal-studios-beijing%2F,https://www.kkday.com/ko/product/161367?cid=19400,https://gyg.me/56KZmMu6,https://kr.trip.com/travel-guide/attraction/beijing/universal-beijing-resort-31677717/?Allianceid=5017790&SID=92571095&trip_sub1=&trip_sub3=D6076632,Universal Beijing Resort,유니버설 베이징,테마파크,입장권,할인,예매,티켓,즉시확정,QR입장,무료취소,모바일바우처,전자티켓,운영시간,가격,후기,추천,줄없이,스킵더라인,대기줄단축,현장교환,가족여행,커플여행,자유여행,핫플,베스트셀러,,,TRUE
캘리포니아 LA 디즈니랜드 리조트 티켓,,,,티켓/입장권,테마파크,미국,LA,,https://myrealt.rip/NkPE06,https://affiliate.klook.com/redirect?aid=65706&aff_adid=1148280&k_site=https%3A%2F%2Fwww.klook.com%2Fko%2Factivity%2F4100,https://www.kkday.com/ko/product/4051?cid=19400,,https://kr.trip.com/travel-guide/attraction/anaheim/disney-california-adventure-park-10758959?Allianceid=5017790&SID=92571095&trip_sub1=&trip_sub3=D6079355,미국,,,,,,,,,,,,,,,,,,,,,,,,,,,TRUE
플로리다 올랜도 월트 디즈니 월드 리조트 티켓,,,,티켓/입장권,테마파크,미국,올랜도,,https://myrealt.rip/NkPF70,https://affiliate.klook.com/redirect?aid=65706&aff_adid=1148281&k_site=https%3A%2F%2Fwww.klook.com%2Fko%2Factivity%2F4749,,,https://kr.trip.com/travel-guide/attraction/bay-lake/walt-disney-world-resort-10758575?Allianceid=5017790&SID=92571095&trip_sub1=&trip_sub3=D6079355,미국,,,,,,,,,,,,,,,,,,,,,,,,,,,TRUE
유니버설 스튜디오 할리우드 티켓,,,,티켓/입장권,테마파크,미국,할리우드,,https://myrealt.rip/NkPH0b,https://affiliate.klook.com/redirect?aid=65706&aff_adid=1148282&k_site=https%3A%2F%2Fwww.klook.com%2Fko%2Factivity%2F4099,https://www.kkday.com/ko/product/3971?cid=19400,,https://kr.trip.com/travel-guide/attraction/los-angeles/universal-studios-hollywood-85361?Allianceid=5017790&SID=92571095&trip_sub1=&trip_sub3=D6079355,미국,,,,,,,,,,,,,,,,,,,,,,,,,,,TRUE
유니버설 올랜도 리조트 티켓,,,,티켓/입장권,테마파크,미국,올랜도,,https://myrealt.rip/NkPI42,https://affiliate.klook.com/redirect?aid=65706&aff_adid=1148283&k_site=https%3A%2F%2Fwww.klook.com%2Fko%2Factivity%2F4912,https://www.kkday.com/ko/product/4095?cid=19400,,https://kr.trip.com/travel-guide/attraction/orlando/universal-orlando-resort-97952?Allianceid=5017790&SID=92571095&trip_sub1=&trip_sub3=D6079355,미국,,,,,,,,,,,,,,,,,,,,,,,,,,,TRUE
파리 바토파리지앵 런치/디너 크루즈,"세느강 대표 유람선, 오디오가이드 제공.",,,크루즈/유람,세느/크루즈,프랑스,파리,,,https://affiliate.klook.com/redirect?aid=65706&aff_adid=1141050&k_site=https%3A%2F%2Fwww.klook.com%2Fko%2Factivity%2F12992-seine-river-dinner-cruise-by-bateaux-parisiens-paris%2F,https://www.kkday.com/ko/product/3323?cid=19400,,,Bateaux Parisiens,세느강 유람선,파리 크루즈,입장권,할인,예매,티켓,즉시확정,QR입장,무료취소,모바일바우처,전자티켓,운영시간,가격,후기,추천,줄없이,스킵더라인,대기줄단축,현장교환,가족여행,커플여행,자유여행,핫플,베스트셀러,,,TRUE
파리 바토무슈 크루즈 패스트트랙 티켓,세느강 야경을 빠르게 탑승하는 바토무슈 패스트트랙.,,,교통/패스,지하철/시티패스,프랑스,파리,,,,,,,Bateaux Mouches,세느강 크루즈,파리 야경,입장권,할인,예매,티켓,즉시확정,QR입장,무료취소,모바일바우처,전자티켓,운영시간,가격,후기,추천,줄없이,스킵더라인,대기줄단축,현장교환,가족여행,커플여행,자유여행,핫플,베스트셀러,,,TRUE
파리 몽파르나스 타워 전망대,파리 시내 360° 루프탑 전망.,,,티켓/입장권,전망대,프랑스,파리,,https://myrealt.rip/Njnef9,https://affiliate.klook.com/redirect?aid=65706&aff_adid=1141052&k_site=https%3A%2F%2Fwww.klook.com%2Fko%2Factivity%2F3323-montparnasse-tower-observation-deck-paris%2F,https://www.kkday.com/ko/product/117185?cid=19400,,,Montparnasse Tower,파리 전망대,루프탑,입장권,할인,예매,티켓,즉시확정,QR입장,무료취소,모바일바우처,전자티켓,운영시간,가격,후기,추천,줄없이,스킵더라인,대기줄단축,현장교환,가족여행,커플여행,자유여행,핫플,베스트셀러,,,TRUE
teamLab Planets TOKYO 입장권,몰입형 디지털 아트 전시.,,,티켓/입장권,뮤지엄/전시,일본,,,https://myrealt.rip/Njnge0,https://affiliate.klook.com/redirect?aid=65706&aff_adid=1141054&k_site=https%3A%2F%2Fwww.klook.com%2Fko%2Factivity%2F25300-teamlab-planets-toyosu-tokyo-ticket%2F,https://www.kkday.com/ko/product/22396-japan-teamlab-planets-tokyo-ticket?cid=19400,,,teamLab Planets,팀랩플래닛,도쿄전시,디지털아트,teamLab,도쿄,일본,입장권,할인,예매,티켓,즉시확정,QR입장,자유여행,가족여행,커플여행,포토스팟,후기좋음,운영시간,가격,코스추천,최저가,한글예약,현지투어,베스트셀러,,,TRUE
후지큐 하이랜드 종일권,스릴 어트랙션.,,,티켓/입장권,테마파크,일본,,,https://myrealt.rip/Njnj85,https://affiliate.klook.com/redirect?aid=65706&aff_adid=1141055&k_site=https%3A%2F%2Fwww.klook.com%2Fko%2Factivity%2F95879-fujiq-highland-admission-ticket%2F,https://www.kkday.com/ko/product/20133?cid=19400,,,후지큐,Fuji-Q,놀이공원,야마나시,일본,입장권,할인,예매,티켓,즉시확정,QR입장,자유여행,가족여행,커플여행,포토스팟,후기좋음,운영시간,가격,코스추천,최저가,한글예약,현지투어,베스트셀러,인기상품,핫플,,,TRUE
오키나와 츄라우미 수족관 입장권,류큐해 생태 테마 대형 수족관.,,,티켓/입장권,수족관/동물원,일본,,,https://myrealt.rip/Njnk0a,https://affiliate.klook.com/redirect?aid=65706&aff_adid=1141056&k_site=https%3A%2F%2Fwww.klook.com%2Fko%2Factivity%2F1421-churaumi-aquarium-okinawa%2F,https://www.kkday.com/ko/product/18680?cid=19400,https://gyg.me/5TWlSGGF,,츄라우미수족관,Okinawa Aquarium,오키나와여행,오키나와,일본,입장권,할인,예매,티켓,즉시확정,QR입장,자유여행,가족여행,커플여행,포토스팟,후기좋음,운영시간,가격,코스추천,최저가,한글예약,현지투어,베스트셀러,인기상품,핫플,,,TRUE
산리오 퓨로랜드 입장권,헬로키티 테마 실내파크.,,,티켓/입장권,,,,,https://myrealt.rip/Njnlcf,https://affiliate.klook.com/redirect?aid=65706&aff_adid=1141057&k_site=https%3A%2F%2Fwww.klook.com%2Fko%2Factivity%2F2276-sanrio-puroland-tokyo%2F,https://www.kkday.com/ko/product/10896?cid=19400,,,산리오,푸로랜드,Hello Kitty,도쿄,일본,입장권,할인,예매,티켓,즉시확정,QR입장,자유여행,가족여행,커플여행,포토스팟,후기좋음,운영시간,가격,코스추천,최저가,한글예약,현지투어,베스트셀러,인기상품,핫플,,,TRUE
홍콩 피크 트램 + 스카이 테라스 428,빅토리아피크 왕복 트램+전망대.,,,티켓/입장권,전망대,홍콩,홍콩,,https://myrealt.rip/Njnn41,https://affiliate.klook.com/redirect?aid=65706&aff_adid=1141067&k_site=https%3A%2F%2Fwww.klook.com%2Fko%2Factivity%2F765-peak-tram-sky-terrace-hongkong,,,,피크트램,스카이테라스,홍콩야경,홍콩,홍콩섬,입장권,할인,예매,티켓,즉시확정,QR입장,자유여행,가족여행,커플여행,포토스팟,후기좋음,운영시간,가격,코스추천,최저가,한글예약,현지투어,베스트셀러,인기상품,핫플,,,TRUE
홍콩 옹핑 360 케이블카,크리스탈 캐빈 선택.,,,교통/패스,케이블카,홍콩,홍콩,,https://myrealt.rip/Njno4b,https://affiliate.klook.com/redirect?aid=65706&aff_adid=1141068&k_site=https%3A%2F%2Fwww.klook.com%2Fko%2Factivity%2F45-ngong-ping-360-hong-kong,https://www.kkday.com/ko/product/4360?cid=19400,,,옹핑360,크리스탈캐빈,란타우,홍콩,란타우섬,입장권,할인,예매,티켓,즉시확정,QR입장,자유여행,가족여행,커플여행,포토스팟,후기좋음,운영시간,가격,코스추천,최저가,한글예약,현지투어,베스트셀러,인기상품,핫플,,,TRUE
홍콩 오션파크 입장권,해양 테마파크 & 놀이기구.,,,티켓/입장권,테마파크,홍콩,홍콩,,https://myrealt.rip/Njnp2e,https://affiliate.klook.com/redirect?aid=65706&aff_adid=1141069&k_site=https%3A%2F%2Fwww.klook.com%2Fko%2Factivity%2F23-ocean-park-hong-kong-hong-kong,https://www.kkday.com/ko/product/2306?cid=19400,,,오션파크,Ocean Park,홍콩놀이공원,홍콩,애버딘,입장권,할인,예매,티켓,즉시확정,QR입장,자유여행,가족여행,커플여행,포토스팟,후기좋음,운영시간,가격,코스추천,최저가,한글예약,현지투어,베스트셀러,인기상품,핫플,,,TRUE
홍콩 스카이100 전망대 입장권,ICC 100층 전망대.,,,티켓/입장권,전망대,홍콩,홍콩,,,,,,,Sky100,홍콩전망대,ICC,홍콩,카오룽,입장권,할인,예매,티켓,즉시확정,QR입장,자유여행,가족여행,커플여행,포토스팟,후기좋음,운영시간,가격,코스추천,최저가,한글예약,현지투어,베스트셀러,인기상품,핫플,,,TRUE
마카오 타워 전망대,번지/스카이워크 옵션.,,,티켓/입장권,전망대,마카오,마카오,,https://myrealt.rip/Njnsba,https://affiliate.klook.com/redirect?aid=65706&aff_adid=1141070&k_site=https%3A%2F%2Fwww.klook.com%2Fko%2Factivity%2F506-macau-tower-macau%2F,https://www.kkday.com/ko/product/6041?cid=19400,,,Macau Tower,스카이워크,번지점프,마카오,입장권,할인,예매,티켓,즉시확정,QR입장,자유여행,가족여행,커플여행,포토스팟,후기좋음,운영시간,가격,코스추천,최저가,한글예약,현지투어,베스트셀러,인기상품,핫플,교통방법,,,TRUE
마카오 타워 전망대/스카이워크,번지/스카이워크 옵션.,,,티켓/입장권,전망대,마카오,마카오,,,https://affiliate.klook.com/redirect?aid=65706&aff_adid=1141073&k_site=https%3A%2F%2Fwww.klook.com%2Fko%2Factivity%2F95-macau-tower-skywalk-x-macau%2F,https://www.kkday.com/ko/product/4130?cid=19400,,,Macau Tower,스카이워크,번지점프,마카오,입장권,할인,예매,티켓,즉시확정,QR입장,자유여행,가족여행,커플여행,포토스팟,후기좋음,운영시간,가격,코스추천,최저가,한글예약,현지투어,베스트셀러,인기상품,핫플,교통방법,,,TRUE
싱가포르 가든스 바이 더 베이 입장권,플라워돔·클라우드포레스트.,,,티켓/입장권,,싱가포르,싱가포르,,https://myrealt.rip/Njnt6a,https://affiliate.klook.com/redirect?aid=65706&aff_adid=1141074&k_site=https%3A%2F%2Fwww.klook.com%2Fko%2Factivity%2F127-gardens-by-the-bay-singapore%2F,https://www.kkday.com/ko/product/3158?cid=19400,,,가든스바이더베이,플라워돔,클라우드포레스트,싱가포르,마리나베이,입장권,할인,예매,티켓,즉시확정,QR입장,자유여행,가족여행,커플여행,포토스팟,후기좋음,운영시간,가격,코스추천,최저가,한글예약,현지투어,베스트셀러,인기상품,핫플,,,TRUE
마리나 베이 샌즈 스카이파크 전망대,도심 파노라마 야경.,,,티켓/입장권,전망대,싱가포르,마리나 베이 샌즈,,https://myrealt.rip/Njnu71,https://affiliate.klook.com/redirect?aid=65706&aff_adid=1141075&k_site=https%3A%2F%2Fwww.klook.com%2Fko%2Factivity%2F10552-marina-bay-sands-skypark-observation-deck-admission-ticket-singapore,,,,스카이파크,싱가포르야경,전망대,마리나,마리나베이,싱가포르,입장권,할인,예매,티켓,즉시확정,QR입장,자유여행,가족여행,커플여행,포토스팟,후기좋음,운영시간,가격,코스추천,최저가,한글예약,현지투어,베스트셀러,인기상품,,,TRUE
싱가포르 유니버설 스튜디오 입장권,할리우드·쥬라식월드 존.,,,티켓/입장권,테마파크,싱가포르,싱가포르,,https://myrealt.rip/Njnvd2,https://affiliate.klook.com/redirect?aid=65706&aff_adid=1141076&k_site=https%3A%2F%2Fwww.klook.com%2Fko%2Factivity%2F117-universal-studios-singapore%2F,https://www.kkday.com/ko/product/2312?cid=19400,,https://kr.trip.com/travel-guide/attraction/singapore/universal-studios-singapore-89732/?Allianceid=5017790&SID=92571095&trip_sub1=&trip_sub3=D6076632,USS,유니버설스튜디오,센토사,싱가포르,입장권,할인,예매,티켓,즉시확정,QR입장,자유여행,가족여행,커플여행,포토스팟,후기좋음,운영시간,가격,코스추천,최저가,한글예약,현지투어,베스트셀러,인기상품,핫플,교통방법,,,TRUE
싱가포르 S.E.A.(오셔나리움)아쿠아리움 입장권,대형 수족관·해양 생태.,,,티켓/입장권,수족관/동물원,싱가포르,싱가포르,,https://myrealt.rip/Njnx21,https://affiliate.klook.com/redirect?aid=65706&aff_adid=1141078&k_site=https%3A%2F%2Fwww.klook.com%2Fko%2Factivity%2F119-singapore-oceanarium%2F,https://www.kkday.com/ko/product/2467?cid=19400,,,SEA Aquarium,센토사아쿠아리움,싱가포르수족관,싱가포르,센토사,입장권,할인,예매,티켓,즉시확정,QR입장,자유여행,가족여행,커플여행,포토스팟,후기좋음,운영시간,가격,코스추천,최저가,한글예약,현지투어,베스트셀러,인기상품,핫플,,,TRUE
싱가포르 나이트 사파리 입장권(트램 포함),세계 최초 야간 동물원.,,,티켓/입장권,수족관/동물원,프랑스,파리,,https://myrealt.rip/NjoWf7,https://affiliate.klook.com/redirect?aid=65706&aff_adid=1141079&k_site=https%3A%2F%2Fwww.klook.com%2Fko%2Factivity%2F3928-singapore-night-safari-singapore%2F,https://www.kkday.com/ko/product/100158?cid=19400,,,나이트사파리,야간동물원,트램,싱가포르,만다이,입장권,할인,예매,티켓,즉시확정,QR입장,자유여행,가족여행,커플여행,포토스팟,후기좋음,운영시간,가격,코스추천,최저가,한글예약,현지투어,베스트셀러,인기상품,핫플,,,TRUE
센토사 케이블카 왕복,하버프론트-마운트페이버.,,,교통/패스,케이블카,싱가포르,센토사,,https://myrealt.rip/NjoX13,https://affiliate.klook.com/redirect?aid=65706&aff_adid=1141081&k_site=https%3A%2F%2Fwww.klook.com%2Fko%2Factivity%2F130-faber-peak-cable-car-singapore%2F,https://www.kkday.com/ko/product/17933?cid=19400,,,센토사케이블카,케이블카,HarbourFront,센토사,싱가포르,입장권,할인,예매,티켓,즉시확정,QR입장,자유여행,가족여행,커플여행,포토스팟,후기좋음,운영시간,가격,코스추천,최저가,한글예약,현지투어,베스트셀러,인기상품,핫플,,,TRUE
어드벤처 코브 워터파크 입장권,워터슬라이드·파도풀.,,,티켓/입장권,테마파크,,,,https://myrealt.rip/NjoZ63,https://affiliate.klook.com/redirect?aid=65706&aff_adid=1141083&k_site=https%3A%2F%2Fwww.klook.com%2Fko%2Factivity%2F120-adventure-cove-waterpark-singapore,https://www.kkday.com/ko/product/3070?cid=19400,,,어드벤처코브,워터파크,센토사,어드벤처,싱가포르,입장권,할인,예매,티켓,즉시확정,QR입장,자유여행,가족여행,커플여행,포토스팟,후기좋음,운영시간,가격,코스추천,최저가,한글예약,현지투어,베스트셀러,인기상품,핫플,,,TRUE
싱가포르 플라이어 대관람차,거대한 관람차 야경.,,,티켓/입장권,전망대,싱가포르,싱가포르,,https://myrealt.rip/Njoae6,https://affiliate.klook.com/redirect?aid=65706&aff_adid=1141084&k_site=https%3A%2F%2Fwww.klook.com%2Fko%2Factivity%2F4534-singapore-flyer,https://www.kkday.com/ko/product/101806?cid=19400,,,싱가포르플라이어,대관람차,야경,싱가포르,마리나베이,입장권,할인,예매,티켓,즉시확정,QR입장,자유여행,가족여행,커플여행,포토스팟,후기좋음,운영시간,가격,코스추천,최저가,한글예약,현지투어,베스트셀러,인기상품,핫플,,,TRUE
주얼 창이 어트랙션 티켓,스카이넷·미러미즈.,,,티켓/입장권,,싱가포르,주얼 창이,,https://myrealt.rip/Njod52,https://affiliate.klook.com/redirect?aid=65706&aff_adid=1141085&k_site=https%3A%2F%2Fwww.klook.com%2Fko%2Factivity%2F25872-jewel-changi-airport-attractions-ticket-singapore%2F,https://www.kkday.com/ko/product/29056?cid=19400,,,주얼창이,캔오피파크,Jewel Changi,주얼,창이,싱가포르,입장권,할인,예매,티켓,즉시확정,QR입장,자유여행,가족여행,커플여행,포토스팟,후기좋음,운영시간,가격,코스추천,최저가,한글예약,현지투어,베스트셀러,인기상품,,,TRUE
주얼 창이 캔오피 파크,스카이넷·미러미즈.,,,,,싱가포르,주얼 창이,,https://myrealt.rip/Njof0e,,,,,주얼창이,캔오피파크,Jewel Changi,주얼,창이,싱가포르,입장권,할인,예매,티켓,즉시확정,QR입장,자유여행,가족여행,커플여행,포토스팟,후기좋음,운영시간,가격,코스추천,최저가,한글예약,현지투어,베스트셀러,인기상품,,,TRUE
방콕 마하나콘 스카이워크,유리바닥 전망대.,,,티켓/입장권,전망대,태국,방콕,,https://myrealt.rip/Njohec,https://affiliate.klook.com/redirect?aid=65706&aff_adid=1141088&k_site=https%3A%2F%2Fwww.klook.com%2Fko%2Factivity%2F16870-king-power-mahanakhon-skywalk-ticket-bangkok%2F,,,,마하나콘,Mahanakhon SkyWalk,방콕전망대,방콕,태국,입장권,할인,예매,티켓,즉시확정,QR입장,자유여행,가족여행,커플여행,포토스팟,후기좋음,운영시간,가격,코스추천,최저가,한글예약,현지투어,베스트셀러,인기상품,핫플,,,TRUE
방콕 마하나콘 스카이워크 & 스카이버스,,,,티켓/입장권,전망대,태국,방콕,,,,https://www.kkday.com/ko/product/20739?cid=19400,,,,,,,,,,,,,,,,,,,,,,,,,,,,,,TRUE
사파리 월드 방콕 입장권,사파리 드라이브스루.,,,티켓/입장권,수족관/동물원,프랑스,파리,,https://myrealt.rip/Njok85,https://affiliate.klook.com/redirect?aid=65706&aff_adid=1141089&k_site=https%3A%2F%2Fwww.klook.com%2Fko%2Factivity%2F365-safari-world-bangkok,https://www.kkday.com/ko/product/9793?cid=19400,,,사파리월드,방콕동물원,쇼,사파리,방콕,태국,입장권,할인,예매,티켓,즉시확정,QR입장,자유여행,가족여행,커플여행,포토스팟,후기좋음,운영시간,가격,코스추천,최저가,한글예약,현지투어,베스트셀러,인기상품,,,TRUE
드림 월드 방콕,가족형 놀이공원.,,,,,태국,방콕,,https://myrealt.rip/Njon57,https://affiliate.klook.com/redirect?aid=65706&aff_adid=1141090&k_site=https%3A%2F%2Fwww.klook.com%2Fko%2Factivity%2F363-dream-world-bangkok,https://www.kkday.com/ko/product/4612?cid=19400,,,드림월드,놀이공원,방콕,드림,태국,입장권,할인,예매,티켓,즉시확정,QR입장,자유여행,가족여행,커플여행,포토스팟,후기좋음,운영시간,가격,코스추천,최저가,한글예약,현지투어,베스트셀러,인기상품,핫플,,,TRUE
다낭 바나힐 & 골든브리지 케이블카,선월드 리조트 파크.,,,교통/패스,케이블카,베트남,다낭,,,https://affiliate.klook.com/redirect?aid=65706&aff_adid=1141095&k_site=https%3A%2F%2Fwww.klook.com%2Fko%2Factivity%2F13283-ba-na-hills-ticket-da-nang,https://www.kkday.com/ko/product/26212?cid=19400,,,바나힐,골든브리지,다낭필수,다낭,베트남,입장권,할인,예매,티켓,즉시확정,QR입장,자유여행,가족여행,커플여행,포토스팟,후기좋음,운영시간,가격,코스추천,최저가,한글예약,현지투어,베스트셀러,인기상품,핫플,,,TRUE
푸꾸옥 혼톰 케이블카,세계 최장 해상 케이블카.,,,교통/패스,케이블카,베트남,푸꾸옥,,https://myrealt.rip/Njos87,,https://www.kkday.com/ko/product/100556?cid=19400,,,푸꾸옥케이블카,Hon Thom,썬월드,푸꾸옥,베트남,입장권,할인,예매,티켓,즉시확정,QR입장,자유여행,가족여행,커플여행,포토스팟,후기좋음,운영시간,가격,코스추천,최저가,한글예약,현지투어,베스트셀러,인기상품,핫플,,,TRUE
나트랑 빈원더스 입장권,워터파크·놀이공원.,,,티켓/입장권,테마파크,베트남,나트랑,,,https://affiliate.klook.com/redirect?aid=65706&aff_adid=1141097&k_site=https%3A%2F%2Fwww.klook.com%2Fko%2Factivity%2F11988-vinwonders-nha-trang-ticket%2F,https://www.kkday.com/ko/product/100864?cid=19400,,,빈원더스,나트랑,케이블카,베트남,입장권,할인,예매,티켓,즉시확정,QR입장,자유여행,가족여행,커플여행,포토스팟,후기좋음,운영시간,가격,코스추천,최저가,한글예약,현지투어,베스트셀러,인기상품,핫플,교통방법,,,TRUE
달랏 케이블카 & 폭포 투어,린푸억 사원·폭포.,,,교통/패스,케이블카,베트남,달랏,,,,,,,달랏,폭포투어,사원투어,베트남,입장권,할인,예매,티켓,즉시확정,QR입장,자유여행,가족여행,커플여행,포토스팟,후기좋음,운영시간,가격,코스추천,최저가,한글예약,현지투어,베스트셀러,인기상품,핫플,교통방법,,,TRUE
타이베이 101 전망대 입장권,초고속 엘리베이터.,,,티켓/입장권,전망대,대만,타이베이,,https://myrealt.rip/NkPJ96,https://affiliate.klook.com/redirect?aid=65706&aff_adid=1141098&k_site=https%3A%2F%2Fwww.klook.com%2Fko%2Factivity%2F1659-taipei-101-taipei%2F,https://www.kkday.com/ko/product/8332?cid=19400,,https://kr.trip.com/travel-guide/attraction/taipei/taipei-101-observatory-23865324?Allianceid=5017790&SID=92571095&trip_sub1=&trip_sub3=D6079355,타이베이101,초고속엘리베이터,전망대,타이베이,대만,입장권,할인,예매,티켓,즉시확정,QR입장,자유여행,가족여행,커플여행,포토스팟,후기좋음,운영시간,가격,코스추천,최저가,한글예약,현지투어,베스트셀러,인기상품,핫플,,,TRUE
핑시 천등 날리기 체험,스펀 옛거리.,,,투어/액티비티,투어/체험,대만,핑시,,,,,,,천등체험,핑시선,스펀,핑시,신베이,대만,입장권,할인,예매,티켓,즉시확정,QR입장,자유여행,가족여행,커플여행,포토스팟,후기좋음,운영시간,가격,코스추천,최저가,한글예약,현지투어,베스트셀러,인기상품,,,TRUE
국립고궁박물원 입장권,중화권 대표 박물관.,,,티켓/입장권,뮤지엄/전시,,,,,,,,,고궁박물원,옥산수반,청동기,국립고궁박물원,타이베이,대만,입장권,할인,예매,티켓,즉시확정,QR입장,자유여행,가족여행,커플여행,포토스팟,후기좋음,운영시간,가격,코스추천,최저가,한글예약,현지투어,베스트셀러,인기상품,,,TRUE
타이베이 펀패스,,,,교통/패스,지하철/시티패스,대만,타이베이,,,https://affiliate.klook.com/redirect?aid=65706&aff_adid=1141099&k_site=https%3A%2F%2Fwww.klook.com%2Fko%2Factivity%2F76302-taipei-unlimited-fun-pass-pick-up-taipei%2F,,,,일월담,보트투어,케이블카,난터우,대만,입장권,할인,예매,티켓,즉시확정,QR입장,자유여행,가족여행,커플여행,포토스팟,후기좋음,운영시간,가격,코스추천,최저가,한글예약,현지투어,베스트셀러,인기상품,핫플,,,TRUE
쿠알라룸푸르 페트로나스 트윈타워 전망대,스카이브리지+86층.,,,티켓/입장권,전망대,말레이시아,쿠알라룸푸르,,,https://affiliate.klook.com/redirect?aid=65706&aff_adid=1141100&k_site=https%3A%2F%2Fwww.klook.com%2Fko%2Factivity%2F2750-petronas-twin-towers-kuala-lumpur%2F,,,,페트로나스,트윈타워,KLCC,쿠알라룸푸르,말레이시아,입장권,할인,예매,티켓,즉시확정,QR입장,자유여행,가족여행,커플여행,포토스팟,후기좋음,운영시간,가격,코스추천,최저가,한글예약,현지투어,베스트셀러,인기상품,핫플,,,TRUE
[KKday 단독] 대만 타이베이 | 키키 레스토랑 식사권 (바로 입장),,,,티켓/입장권,,대만,타이베이,,,,https://www.kkday.com/ko/product/10066?cid=19400,,,대만,,,,,,,,,,,,,,,,,,,,,,,,,,,TRUE
THSR 대만 고속철도 편도 전자티켓 (외국인 관광객 전용),,,,티켓/입장권,,,,,https://myrealt.rip/NkPSc1,https://affiliate.klook.com/redirect?aid=65706&aff_adid=1148286&k_site=https%3A%2F%2Fwww.klook.com%2Fko%2Factivity%2F73749,https://www.kkday.com/ko/product/100299,,https://kr.trip.com/things-to-do/detail/69736370?Allianceid=5017790&SID=92571095&trip_sub1=&trip_sub3=D6079355,대만,,,,,,,,,,,,,,,,,,,,,,,,,,,TRUE
대만 타오위안 공항 ↔ 타이베이 픽업/샌딩 | 3일 전 무료 취소,,,,버스/이동,공항 리무진,대만,타이베이,,,,https://www.kkday.com/ko/product/34974?cid=19400,,,대만,,,,,,,,,,,,,,,,,,,,,,,,,,,TRUE
대만 공항철도 승차권 (타오위안 공항 - 타이베이 메인역),,,,버스/이동,공항 리무진,대만,타이베이,,https://myrealt.rip/NkPn38,https://affiliate.klook.com/redirect?aid=65706&aff_adid=1148287&k_site=https%3A%2F%2Fwww.klook.com%2Fko%2Factivity%2F11346,https://www.kkday.com/ko/product/19422?cid=19400,,,대만,,,,,,,,,,,,,,,,,,,,,,,,,,,TRUE
타이베이 펀 패스 1/2/3일권 (타오위안 공항/시내 수령),,,,교통/패스,지하철/시티패스,대만,타이베이,,https://myrealt.rip/NkPsa6,https://affiliate.klook.com/redirect?aid=65706&aff_adid=1148288&k_site=https%3A%2F%2Fwww.klook.com%2Fko%2Factivity%2F76302,https://www.kkday.com/ko/product/19392?cid=19400,,https://kr.trip.com/things-to-do/detail/53936301?Allianceid=5017790&SID=92571095&trip_sub1=&trip_sub3=D6079355,대만,,,,,,,,,,,,,,,,,,,,,,,,,,,TRUE
타이베이 미라마 관람차 티켓 & 패키지,,,,티켓/입장권,,대만,타이베이,,https://myrealt.rip/NkPxf2,https://affiliate.klook.com/redirect?aid=65706&aff_adid=1148289&k_site=https%3A%2F%2Fwww.klook.com%2Fko%2Factivity%2F17764,https://www.kkday.com/ko/product/26672?cid=19400,,https://kr.trip.com/travel-guide/attraction/taipei/miramar-ferris-wheel-30637274?Allianceid=5017790&SID=92571095&trip_sub1=&trip_sub3=D6079355,대만,,,,,,,,,,,,,,,,,,,,,,,,,,,TRUE
대만 육복촌 익스프레스 버스 (육복촌 입장권 옵션) ,,,,교통/패스,공항열차/특급,,,,,,https://www.kkday.com/ko/product/26191?cid=19400,,,대만,,,,,,,,,,,,,,,,,,,,,,,,,,,TRUE
대만 육복촌 놀이공원 입장권,,,,티켓/입장권,테마파크,,,,https://myrealt.rip/NkPy68,https://affiliate.klook.com/redirect?aid=65706&aff_adid=1148290&k_site=https%3A%2F%2Fwww.klook.com%2Fko%2Factivity%2F3328,https://www.kkday.com/ko/product/6370?cid=19400,,,대만,,,,,,,,,,,,,,,,,,,,,,,,,,,TRUE
